,Supplier_Lead_Time,Inventory_Levels,Order_Frequency,Delivery_Performance,Cost_Per_Unit
Supplier_Lead_Time,1,0.463955394,-0.928257421,-0.919166312,0.966458207
Inventory_Levels,0.463955394,1,-0.383003816,-0.476142532,0.465697135
Order_Frequency,-0.928257421,-0.383003816,1,0.857905523,-0.90017992
Delivery_Performance,-0.919166312,-0.476142532,0.857905523,1,-0.929220715
Cost_Per_Unit,0.966458207,0.465697135,-0.90017992,-0.929220715,1
